{
  "homography_play": [
    [
      4.550760333157759,
      1.4450406205317794,
      -3299.393388944899
    ],
    [
      -0.2906115384647264,
      6.571048650095581,
      -684.422341404082
    ],
    [
      -9.756773432150404e-05,
      0.0015036835979882809,
      1.0
    ]
  ],
  "homography_full": [
    [
      4.531929969787598,
      1.735251545906067,
      -3106.393310546875
    ],
    [
      -0.3023196756839752,
      6.751490592956543,
      -564.42236328125
    ],
    [
      -9.756773215485737e-05,
      0.001503683626651764,
      1.0
    ]
  ],
  "play_size": {
    "width": 2000,
    "height": 2247
  },
  "full_size": {
    "width": 2371,
    "height": 2477
  },
  "play_corners_src": [
    [
      682.3635864257812,
      134.3354949951172
    ],
    [
      1167.6788330078125,
      155.799072265625
    ],
    [
      1428.720458984375,
      949.5155639648438
    ],
    [
      430.6055908203125,
      927.178466796875
    ]
  ],
  "outer_corners_src": [
    [
      644.0,
      115.0
    ],
    [
      1201.0,
      139.0
    ],
    [
      1534.0,
      1027.0
    ],
    [
      330.0,
      995.0
    ]
  ],
  "pocket_points": [
    [
      720.0,
      136.0
    ],
    [
      677.0,
      151.0
    ],
    [
      1127.0,
      154.0
    ],
    [
      1172.0,
      168.0
    ],
    [
      1244.0,
      395.0
    ],
    [
      1260.0,
      438.0
    ],
    [
      1409.0,
      889.0
    ],
    [
      1361.0,
      948.0
    ],
    [
      512.0,
      929.0
    ],
    [
      450.0,
      866.0
    ],
    [
      593.0,
      416.0
    ],
    [
      607.0,
      372.0
    ]
  ]
}